sample_id,time,anomaly,anomaly_type,data_modality,description,volume,flow,pressure
0,0.0018049386016773,1,reverse triggering,all,reverse triggering,1.7994026528153522,0.4705065174102123,0.4802272697007481
0,0.0030058641144422,1,reverse triggering,all,reverse triggering,1.7994026528153522,0.4430395815445922,0.4802272697007481
0,0.0038224934631223,1,reverse triggering,all,reverse triggering,1.7994026528153522,0.4167171013400397,0.4802272697007481
0,0.0043950224661984,1,reverse triggering,all,reverse triggering,1.7994026528153522,0.4167171013400397,0.4802272697007481
0,0.0049437088214703,1,reverse triggering,all,reverse triggering,1.7994026528153522,0.4167171013400397,0.4802272697007481
0,0.006149352525598,1,reverse triggering,all,reverse triggering,1.728537958282052,0.3892501654744196,0.4802272697007481
0,0.0068156967756274,1,reverse triggering,all,reverse triggering,1.728537958282052,0.3675055079141374,0.4802272697007481
0,0.0075738986510847,1,reverse triggering,all,reverse triggering,1.728537958282052,0.3491942173370574,0.4802272697007481
0,0.0082312077248425,1,reverse triggering,all,reverse triggering,1.728537958282052,0.3491942173370574,0.4802272697007481
0,0.009616601419819,1,reverse triggering,all,reverse triggering,1.6642653283565014,0.3217272814714369,0.4802272697007481
0,0.0100188173501756,1,reverse triggering,all,reverse triggering,1.6642653283565014,0.3217272814714369,0.4802272697007481
0,0.0108401148732628,1,reverse triggering,all,reverse triggering,1.6642653283565014,0.3572054069645296,0.4802272697007481
0,0.0109417606063181,1,reverse triggering,all,reverse triggering,1.6642653283565014,0.388105709813352,0.4802272697007481
0,0.0114424599580352,1,reverse triggering,all,reverse triggering,1.6642653283565014,0.4281616579507146,0.4802272697007481
0,0.0114688125554939,1,reverse triggering,all,reverse triggering,1.6642653283565014,0.4922511749704945,0.4802272697007481
0,0.0115516350046502,1,reverse triggering,all,reverse triggering,1.6642653283565014,0.4613508721216721,0.4802272697007481
0,0.0115629289749896,1,reverse triggering,all,reverse triggering,1.6642653283565014,0.5208625664971822,0.4802272697007481
0,0.0116306927970265,1,reverse triggering,all,reverse triggering,1.6642653283565014,0.5414627683963973,0.4802272697007481
0,0.0131629081064163,1,reverse triggering,all,reverse triggering,1.5999926984309507,0.5586296033124101,0.4802272697007481
0,0.0135262727788051,1,reverse triggering,all,reverse triggering,1.5999926984309507,0.5586296033124101,0.4802272697007481
0,0.0169162709159041,1,reverse triggering,all,reverse triggering,1.5423121331131484,0.5780853495505576,0.4802272697007481
0,0.0189148519071787,1,reverse triggering,all,reverse triggering,1.5423121331131484,0.6032633740940425,0.4802272697007481
0,0.0208729251915026,1,reverse triggering,all,reverse triggering,1.5423121331131484,0.6032633740940425,0.4802272697007481
0,0.0231317192593989,1,reverse triggering,all,reverse triggering,1.5044077616185931,0.6169968420268521,0.4802272697007481
0,0.0233059475751693,1,reverse triggering,all,reverse triggering,1.5044077616185931,0.6169968420268521,0.4802272697007481
0,0.0263429714925917,1,reverse triggering,volume_flow,reverse triggering,1.5044077616185931,0.6398859552482024,
0,0.0302937529036135,1,reverse triggering,volume_flow,reverse triggering,1.4483752124527278,0.6581972458252827,
0,0.0304615060097228,1,reverse triggering,volume_flow,reverse triggering,1.4483752124527278,0.6581972458252827,
0,0.0334657021200249,1,reverse triggering,volume_flow,reverse triggering,1.4483752124527278,0.674219625080227,
0,0.0364586042599877,1,reverse triggering,volume_flow,reverse triggering,1.4038787763504237,0.68680863735197,
0,0.037585140154783,1,reverse triggering,volume_flow,reverse triggering,1.4038787763504237,0.68680863735197,
0,0.0398166781075936,1,reverse triggering,volume_flow,reverse triggering,1.4038787763504237,0.6982531939626448,
0,0.042990283772988,1,reverse triggering,volume_flow,reverse triggering,1.3742144856155545,0.7096977505733197,
0,0.0475982236714967,1,reverse triggering,volume_flow,reverse triggering,1.3742144856155545,0.7085532949122522,
0,0.0483785617288192,1,reverse triggering,volume_flow,reverse triggering,1.3742144856155545,0.7291534968114672,
0,0.0489572647690143,1,reverse triggering,volume_flow,reverse triggering,1.3742144856155545,0.7291534968114672,
0,0.0490212639342713,1,reverse triggering,volume_flow,reverse triggering,1.3742144856155545,0.7486092430496152,
0,0.0490626751588494,1,reverse triggering,volume_flow,reverse triggering,1.3742144856155545,0.7611982553213577,
0,0.0491003217266477,1,reverse triggering,volume_flow,reverse triggering,1.3742144856155545,0.7726428119320325,
0,0.0492659666249601,1,reverse triggering,volume_flow,reverse triggering,1.3742144856155545,0.7108422062343873,
0,0.0513214692267458,1,reverse triggering,volume_flow,reverse triggering,1.3742144856155545,0.7749317232541673,
0,0.0551953010531882,1,reverse triggering,volume_flow,reverse triggering,1.3742144856155545,0.7749317232541673,
0,0.0603641748118911,1,reverse triggering,volume_flow,reverse triggering,1.361030356400056,0.7760761789152353,
0,0.0629450729138694,1,reverse triggering,volume_flow,reverse triggering,1.361030356400056,0.7760761789152353,
0,0.0646069430027564,1,reverse triggering,volume_flow,reverse triggering,1.361030356400056,0.7760761789152353,
0,0.069587583922468,1,reverse triggering,volume_flow,reverse triggering,1.361030356400056,0.7760761789152353,
0,0.0738303521133333,1,reverse triggering,volume_flow,reverse triggering,1.3626783725519935,0.7760761789152353,
0,0.0793643975796795,1,reverse triggering,volume_flow,reverse triggering,1.3626783725519935,0.7760761789152353,
0,0.0807479842394015,1,reverse triggering,volume_flow,reverse triggering,1.3626783725519935,0.7760761789152353,
0,0.0861897203215064,1,reverse triggering,volume_flow,reverse triggering,1.3626783725519935,0.7760761789152353,
0,0.0919082339700641,1,reverse triggering,volume_flow,reverse triggering,1.365974404855868,0.7760761789152353,
0,0.0937749013877736,1,reverse triggering,volume_flow,reverse triggering,1.365974404855868,0.7760761789152353,
0,0.0976267476186218,1,reverse triggering,volume_flow,reverse triggering,1.365974404855868,0.7760761789152353,
0,0.1033452612671794,1,reverse triggering,all,reverse triggering,1.364326388703931,0.7760761789152353,0.4857331162865348
0,0.108322137530111,1,reverse triggering,all,reverse triggering,1.364326388703931,0.7749317232541673,0.4857331162865348
0,0.1101705840090063,1,reverse triggering,all,reverse triggering,1.364326388703931,0.8321545063075426,0.4857331162865348
0,0.1102759943988414,1,reverse triggering,all,reverse triggering,1.364326388703931,0.8081209374251248,0.4857331162865348
0,0.110351287534438,1,reverse triggering,all,reverse triggering,1.364326388703931,0.8870883780387828,0.4857331162865348
0,0.1103926987590162,1,reverse triggering,all,reverse triggering,1.364326388703931,0.9557557177028326,0.4857331162865348
0,0.1104228160132547,1,reverse triggering,all,reverse triggering,1.364326388703931,0.8527547082067577,0.4857331162865348
0,0.1105432850302092,1,reverse triggering,all,reverse triggering,1.364326388703931,0.7772206345763024,0.4857331162865348
0,0.1106449307632644,1,reverse triggering,all,reverse triggering,1.364326388703931,0.9202775922097404,0.4857331162865348
0,0.1118326046841644,1,reverse triggering,all,reverse triggering,1.364326388703931,0.9202775922097404,0.4857331162865348
0,0.1140971210303662,1,reverse triggering,all,reverse triggering,1.364326388703931,0.9603335403471024,0.4857331162865348
0,0.1192622301322892,1,reverse triggering,all,reverse triggering,1.433543067085293,0.9603335403471024,0.4857331162865348
0,0.1194980482329775,1,reverse triggering,all,reverse triggering,1.433543067085293,0.9603335403471024,0.4857331162865348
0,0.1214247514437094,1,reverse triggering,all,reverse triggering,1.433543067085293,0.9603335403471024,0.4857331162865348
0,0.1244205797330343,1,reverse triggering,all,reverse triggering,1.5077037939224676,0.9603335403471024,0.5758238805186666
0,0.1244273392342124,1,reverse triggering,all,reverse triggering,1.5077037939224676,0.9603335403471024,0.5758238805186666
0,0.1293048285581565,1,reverse triggering,all,reverse triggering,1.5077037939224676,0.96147799600817,0.5758238805186666
0,0.1294117448107037,1,reverse triggering,all,reverse triggering,1.5077037939224676,0.96147799600817,0.5758238805186666
0,0.1349457902770499,1,reverse triggering,all,reverse triggering,1.5703284076960808,0.96147799600817,0.5758238805186666
0,0.1350891484072255,1,reverse triggering,all,reverse triggering,1.5703284076960808,0.96147799600817,0.5758238805186666
0,0.1419631105146478,1,reverse triggering,all,reverse triggering,1.636249053773569,0.9637669073303052,0.5758238805186666
0,0.1424781155621282,1,reverse triggering,all,reverse triggering,1.636249053773569,0.9637669073303052,0.5758238805186666
0,0.147497155980994,1,reverse triggering,all,reverse triggering,1.636249053773569,0.9637669073303052,0.7254310170586082
0,0.1539925442026369,1,reverse triggering,all,reverse triggering,1.7450181198014243,0.9649113629913724,0.7254310170586082
0,0.1546951797440238,1,reverse triggering,all,reverse triggering,1.7450181198014243,0.9649113629913724,0.7254310170586082
0,0.1607751004434449,1,reverse triggering,all,reverse triggering,1.8422510727657195,0.9626224516692377,0.7254310170586082
0,0.1632974204859292,1,reverse triggering,all,reverse triggering,1.8422510727657195,0.4956845419536972,0.7254310170586082
0,0.163368948964746,1,reverse triggering,all,reverse triggering,1.8422510727657195,0.4613508721216721,0.7254310170586082
0,0.1633990662189846,1,reverse triggering,all,reverse triggering,1.8422510727657195,0.5265848448025197,0.7254310170586082
0,0.1634781240113609,1,reverse triggering,all,reverse triggering,1.8422510727657195,0.5506184136849375,0.7254310170586082
0,0.1635609464605171,1,reverse triggering,all,reverse triggering,1.8422510727657195,0.575796438228422,0.7254310170586082
0,0.1636287102825541,1,reverse triggering,all,reverse triggering,1.8422510727657195,0.4281616579507146,0.7254310170586082
0,0.1636701215071321,1,reverse triggering,all,reverse triggering,1.8422510727657195,0.60898565239938,0.7254310170586082
0,0.1637416499859489,1,reverse triggering,all,reverse triggering,1.8422510727657195,0.4064170003904324,0.7254310170586082
0,0.1637529439562883,1,reverse triggering,all,reverse triggering,1.8422510727657195,0.6341636769428649,0.7254310170586082
0,0.1638621190029033,1,reverse triggering,all,reverse triggering,1.8422510727657195,0.6673528911138225,0.7254310170586082
0,0.1639110595410411,1,reverse triggering,all,reverse triggering,1.8422510727657195,0.9626224516692377,0.7254310170586082
0,0.1639449414520595,1,reverse triggering,all,reverse triggering,1.8422510727657195,0.6925309156573074,0.7254310170586082
0,0.1640202345876562,1,reverse triggering,all,reverse triggering,1.8422510727657195,0.8275766836632723,0.7254310170586082
0,0.1640352932147754,1,reverse triggering,all,reverse triggering,1.8422510727657195,0.7199978515229271,0.7254310170586082
0,0.164110586350372,1,reverse triggering,all,reverse triggering,1.8422510727657195,0.7989652921365851,0.7254310170586082
0,0.1641369389478307,1,reverse triggering,all,reverse triggering,1.8422510727657195,0.7508981543717499,0.7254310170586082
0,0.1642310553673264,1,reverse triggering,all,reverse triggering,1.8422510727657195,0.7795095458984376,0.7254310170586082
0,0.1643138778164827,1,reverse triggering,all,reverse triggering,1.8422510727657195,0.8607658978342303,0.7254310170586082
0,0.1646150503588687,1,reverse triggering,all,reverse triggering,1.8422510727657195,0.8962440233273226,0.7254310170586082
0,0.164980222066512,1,reverse triggering,all,reverse triggering,1.8422510727657195,0.4464729485277945,0.7254310170586082
0,0.1650630445156682,1,reverse triggering,all,reverse triggering,1.8422510727657195,0.4716509730712799,0.7254310170586082
0,0.1650969264266867,1,reverse triggering,all,reverse triggering,1.8422510727657195,0.9305776931593476,0.7254310170586082
0,0.1651458669648245,1,reverse triggering,all,reverse triggering,1.8422510727657195,0.4968289976147648,0.7254310170586082
0,0.1652512773546596,1,reverse triggering,all,reverse triggering,1.8422510727657195,0.5288737561246548,0.7254310170586082
0,0.1658649164097715,1,reverse triggering,all,reverse triggering,1.8422510727657195,0.5471850467017347,0.7254310170586082
0,0.1665315618323432,1,reverse triggering,all,reverse triggering,1.8422510727657195,0.5471850467017347,0.7254310170586082
0,0.1674046610327208,1,reverse triggering,all,reverse triggering,1.8422510727657195,0.5666407929398827,0.7254310170586082
0,0.1674214364917884,1,reverse triggering,all,reverse triggering,1.8422510727657195,0.5666407929398827,0.7254310170586082
0,0.1686394684565041,1,reverse triggering,all,reverse triggering,1.8422510727657195,0.6055522854161772,0.7254310170586082
0,0.1710036729142358,1,reverse triggering,all,reverse triggering,1.7862185235998544,0.6513305118588772,0.7254310170586082
0,0.1713942937017106,1,reverse triggering,all,reverse triggering,1.7862185235998544,0.6513305118588772,0.7254310170586082
0,0.1731834091897557,1,reverse triggering,all,reverse triggering,1.7862185235998544,0.6971087383015773,0.7254310170586082
0,0.1748059762618614,1,reverse triggering,all,reverse triggering,1.7862185235998544,0.7417425090832102,0.7673708637933387
0,0.1758036103085156,1,reverse triggering,all,reverse triggering,1.7499621682572355,0.7646316223045599,0.7673708637933387
0,0.1785103985332114,1,reverse triggering,all,reverse triggering,1.7499621682572355,0.8023986591197878,0.7673708637933387
0,0.1789784206640794,1,reverse triggering,all,reverse triggering,1.7499621682572355,0.8367323289518125,0.7673708637933387
0,0.1789922746010293,1,reverse triggering,all,reverse triggering,1.7499621682572355,0.8367323289518125,0.7673708637933387
0,0.1790148625417083,1,reverse triggering,all,reverse triggering,1.7499621682572355,0.9557557177028326,0.7673708637933387
0,0.1790412151391671,1,reverse triggering,all,reverse triggering,1.7499621682572355,0.9076885799379976,0.7673708637933387
0,0.1791165082747637,1,reverse triggering,all,reverse triggering,1.7499621682572355,0.8744993657670399,0.7673708637933387
0,0.1795573149786371,1,reverse triggering,all,reverse triggering,1.7499621682572355,0.8744993657670399,0.7673708637933387
0,0.1826592267772062,1,reverse triggering,all,reverse triggering,1.781274475144043,0.8744993657670399,0.4808954083822918
0,0.1834651615647498,1,reverse triggering,all,reverse triggering,1.781274475144043,0.9626224516692377,0.7379323776002735
0,0.1859879104155755,1,reverse triggering,all,reverse triggering,1.781274475144043,0.9626224516692377,0.7379323776002735
0,0.1862317095886371,1,reverse triggering,all,reverse triggering,1.781274475144043,0.9626224516692377,0.7379323776002735
0,0.192865034834693,1,reverse triggering,all,reverse triggering,1.857083218133154,0.9603335403471024,0.4793834997110853
0,0.1931082650110567,1,reverse triggering,all,reverse triggering,1.857083218133154,0.9603335403471024,0.4793834997110853
0,0.1931437700226713,1,reverse triggering,all,reverse triggering,1.857083218133154,0.9603335403471024,0.4793834997110853
0,0.1975877630162408,1,reverse triggering,all,reverse triggering,1.857083218133154,0.9603335403471024,0.4482206879260646
0,0.1991527759176338,1,reverse triggering,all,reverse triggering,1.937836009578077,0.9603335403471024,0.5229289684644112
0,0.2002437621231544,1,reverse triggering,all,reverse triggering,1.937836009578077,0.9603335403471024,0.5229289684644112
0,0.2032378689532867,1,reverse triggering,all,reverse triggering,1.937836009578077,0.9603335403471024,0.5229289684644112
0,0.207249788390413,1,reverse triggering,all,reverse triggering,1.9823324456803812,0.9591890846860354,0.5388227521815496
0,0.2079000199094248,1,reverse triggering,all,reverse triggering,1.9823324456803812,0.9591890846860354,0.5388227521815496
0,0.2114385957603044,1,reverse triggering,all,reverse triggering,2.035068962542372,0.9591890846860354,0.5388227521815496
0,0.2123236422119931,1,reverse triggering,all,reverse triggering,2.035068962542372,0.9591890846860354,0.5388227521815496
0,0.2149974520432977,1,reverse triggering,all,reverse triggering,2.035068962542372,0.9591890846860354,0.5388227521815496
0,0.220227614414376,1,reverse triggering,all,reverse triggering,2.096045560164048,0.9603335403471024,0.5388227521815496
0,0.2225644121707505,1,reverse triggering,all,reverse triggering,2.096045560164048,0.9603335403471024,0.7876254419423034
0,0.2265269393109254,1,reverse triggering,all,reverse triggering,2.1537261254818505,0.96147799600817,0.7876254419423034
0,0.2271798813828189,1,reverse triggering,all,reverse triggering,2.1537261254818505,0.96147799600817,0.7876254419423034
0,0.2304852500355071,1,reverse triggering,all,reverse triggering,2.201518593888029,0.115725262479287,0.7876254419423034
0,0.2305868957685625,1,reverse triggering,all,reverse triggering,2.201518593888029,0.1466255653281094,0.7876254419423034
0,0.2307224234126363,1,reverse triggering,all,reverse triggering,2.201518593888029,0.1878259691265396,0.7876254419423034
0,0.2309181855651873,1,reverse triggering,all,reverse triggering,2.201518593888029,0.2473376635020492,0.7876254419423034
0,0.2310988890906191,1,reverse triggering,all,reverse triggering,2.201518593888029,0.3022715352332894,0.7876254419423034
0,0.2312833572728306,1,reverse triggering,all,reverse triggering,2.201518593888029,0.3583498626255967,0.7876254419423034
0,0.2314640607982623,1,reverse triggering,all,reverse triggering,2.201518593888029,0.4132837343568374,0.7876254419423034
0,0.2316711169211527,1,reverse triggering,all,reverse triggering,2.201518593888029,0.4762287957155493,0.7876254419423034
0,0.2319120549550617,1,reverse triggering,all,reverse triggering,2.201518593888029,0.5494739580238699,0.7876254419423034
0,0.2324315775906779,1,reverse triggering,all,reverse triggering,2.201518593888029,0.7634871666434924,0.7876254419423034
0,0.2325934578322105,1,reverse triggering,all,reverse triggering,2.201518593888029,0.8126987600693951,0.7876254419423034
0,0.232649927683908,1,reverse triggering,all,reverse triggering,2.201518593888029,0.1569256662777167,0.7876254419423034
0,0.2327026328788254,1,reverse triggering,all,reverse triggering,2.201518593888029,0.8458879742403522,0.7876254419423034
0,0.2327967492983212,1,reverse triggering,all,reverse triggering,2.201518593888029,0.8744993657670399,0.7876254419423034
0,0.2328381605228993,1,reverse triggering,all,reverse triggering,2.201518593888029,0.6066967410772448,0.7876254419423034
0,0.2328871010610371,1,reverse triggering,all,reverse triggering,2.201518593888029,0.9019663016326604,0.7876254419423034
0,0.232954864883074,1,reverse triggering,all,reverse triggering,2.201518593888029,0.9225665035318752,0.7876254419423034
0,0.2330000407644318,1,reverse triggering,all,reverse triggering,2.201518593888029,0.6559083345031471,0.7876254419423034
0,0.2330038054212117,1,reverse triggering,all,reverse triggering,2.201518593888029,0.7131311175565225,0.7876254419423034
0,0.2330593717552818,1,reverse triggering,all,reverse triggering,2.201518593888029,0.7131311175565225,0.7876254419423034
0,0.2331144930113323,1,reverse triggering,all,reverse triggering,2.201518593888029,0.7131311175565225,0.7876254419423034
0,0.2332560374254601,1,reverse triggering,all,reverse triggering,2.201518593888029,0.9580446290249678,0.7876254419423034
0,0.234611313866198,1,reverse triggering,all,reverse triggering,2.201518593888029,0.1924037917708094,0.7876254419423034
0,0.2365689353917081,1,reverse triggering,all,reverse triggering,2.2278868523190245,0.2267374616028346,0.8867491732536754
0,0.2371306221832583,1,reverse triggering,all,reverse triggering,2.2278868523190245,0.2267374616028346,0.8867491732536754
0,0.2381768955955078,1,reverse triggering,all,reverse triggering,2.1421900124182898,0.2599266757737921,0.8867491732536754
0,0.23870726044265,1,reverse triggering,all,reverse triggering,2.1421900124182898,0.2599266757737921,0.8867491732536754
0,0.2394588866295537,1,reverse triggering,all,reverse triggering,2.1421900124182898,0.2599266757737921,0.8867491732536754
0,0.2406761759384997,1,reverse triggering,all,reverse triggering,2.082861430948551,0.2976937125890195,0.8867491732536754
0,0.2409037117942724,1,reverse triggering,all,reverse triggering,2.082861430948551,0.2976937125890195,0.8867491732536754
0,0.2432286132352227,1,reverse triggering,all,reverse triggering,1.98892451028813,0.3446163946927871,0.8867491732536754
0,0.244844855683938,1,reverse triggering,all,reverse triggering,1.98892451028813,0.3755166975416095,0.8867491732536754
0,0.2455438771548164,1,reverse triggering,all,reverse triggering,1.98892451028813,0.3755166975416095,0.8867491732536754
0,0.2467585060182599,1,reverse triggering,all,reverse triggering,1.9246518803625796,0.3755166975416095,0.8867491732536754
0,0.2480473739134015,1,reverse triggering,all,reverse triggering,1.8406030566137817,0.4075614560514995,0.8867491732536754
0,0.2491383714481954,1,reverse triggering,all,reverse triggering,1.8406030566137817,0.4075614560514995,0.4842440986623186
0,0.2511645097270986,1,reverse triggering,all,reverse triggering,1.8406030566137817,0.4579175051384694,0.4842440986623186
0,0.2534644138470307,1,reverse triggering,all,reverse triggering,1.78292249129598,0.4899622636483598,0.4842440986623186
0,0.25440587921453,1,reverse triggering,all,reverse triggering,1.78292249129598,0.4899622636483598,0.4842440986623186
0,0.2569610270641343,1,reverse triggering,all,reverse triggering,1.7153538290665549,0.5357404900910598,0.4842440986623186
0,0.2576205333535016,1,reverse triggering,all,reverse triggering,1.7153538290665549,0.5357404900910598,0.4842440986623186
0,0.2586147654943768,1,reverse triggering,all,reverse triggering,1.7153538290665549,0.5357404900910598,0.9479564842115432
0,0.2592511455980666,1,reverse triggering,all,reverse triggering,1.7153538290665549,0.5357404900910598,0.9479564842115432
0,0.2635856183064608,1,reverse triggering,all,reverse triggering,1.62965698916582,0.5735075269062873,0.9479564842115432
0,0.2640885764522458,1,reverse triggering,all,reverse triggering,1.62965698916582,0.5735075269062873,0.9479564842115432
0,0.2684405196897262,1,reverse triggering,all,reverse triggering,1.62965698916582,0.6066967410772448,0.9479564842115432
0,0.2737260978086037,1,reverse triggering,all,reverse triggering,1.5522002300247717,0.6433193222314051,0.9479564842115432
0,0.2742218278133713,1,reverse triggering,all,reverse triggering,1.5522002300247717,0.6433193222314051,0.9479564842115432
0,0.2800695444826126,1,reverse triggering,volume_flow,reverse triggering,1.487927600099221,0.6650639797916873,
0,0.2843701378016162,1,reverse triggering,volume_flow,reverse triggering,1.487927600099221,0.6936753713183745,
0,0.2864355790973006,1,reverse triggering,volume_flow,reverse triggering,1.487927600099221,0.6936753713183745,
0,0.2925907929323183,1,reverse triggering,volume_flow,reverse triggering,1.487927600099221,0.71427557321759,
0,0.3003761031530013,1,reverse triggering,volume_flow,reverse triggering,1.4401351316930424,0.725720129828265,
0,0.3014791475894905,1,reverse triggering,volume_flow,reverse triggering,1.4401351316930424,0.725720129828265,
0,0.3074348346151774,1,reverse triggering,volume_flow,reverse triggering,1.4203589378697958,0.7405980534221426,
0,0.3104456565214119,1,reverse triggering,volume_flow,reverse triggering,1.4203589378697958,0.7405980534221426,
0,0.3176107018910506,1,reverse triggering,volume_flow,reverse triggering,1.4005827440465497,0.7497536987106828,
0,0.3212716047300257,1,reverse triggering,volume_flow,reverse triggering,1.4005827440465497,0.7497536987106828,
0,0.3283211504296593,1,reverse triggering,volume_flow,reverse triggering,1.390694647134926,0.753187065693885,
0,0.3326613479379864,1,reverse triggering,volume_flow,reverse triggering,1.390694647134926,0.753187065693885,
0,0.3377629096334661,1,reverse triggering,volume_flow,reverse triggering,1.390694647134926,0.7634871666434924,
0,0.3451566955490471,1,reverse triggering,volume_flow,reverse triggering,1.384102582527177,0.7680649892877627,
0,0.3462446813584172,1,reverse triggering,volume_flow,reverse triggering,1.384102582527177,0.8184210383747326,
0,0.346722792769455,1,reverse triggering,volume_flow,reverse triggering,1.384102582527177,0.8516102525456901,
0,0.346880908354208,1,reverse triggering,volume_flow,reverse triggering,1.384102582527177,0.9557557177028326,
0,0.3470427885957405,1,reverse triggering,volume_flow,reverse triggering,1.384102582527177,0.8928106563441198,
0,0.3472495435460885,1,reverse triggering,volume_flow,reverse triggering,1.384102582527177,0.8928106563441198,
0,0.3540964001246962,1,reverse triggering,volume_flow,reverse triggering,1.4467271963007908,0.9603335403471024,
0,0.3561193760919042,1,reverse triggering,volume_flow,reverse triggering,1.4467271963007908,0.9603335403471024,
0,0.3617184748274056,1,reverse triggering,volume_flow,reverse triggering,1.5027597454666557,0.9591890846860354,
0,0.3657079569101243,1,reverse triggering,all,reverse triggering,1.5027597454666557,0.9591890846860354,0.486918052841145
0,0.3745881799086519,1,reverse triggering,all,reverse triggering,1.6197688922541973,0.9580446290249678,0.486918052841145
0,0.3773256877326713,1,reverse triggering,all,reverse triggering,1.6197688922541973,0.9580446290249678,0.486918052841145
0,0.381959402668952,1,reverse triggering,all,reverse triggering,1.6889855706355594,0.9580446290249678,0.486918052841145
0,0.3825192576398499,1,reverse triggering,all,reverse triggering,1.6889855706355594,0.9580446290249678,0.486918052841145
0,0.3831234693860497,1,reverse triggering,all,reverse triggering,1.6889855706355594,0.96147799600817,0.5944712112847395
0,0.38803613627128,1,reverse triggering,all,reverse triggering,1.766442329776608,0.96147799600817,0.5944712112847395
0,0.3923368801765546,1,reverse triggering,all,reverse triggering,1.766442329776608,0.96147799600817,0.6510272674139372
0,0.3983287079073279,1,reverse triggering,all,reverse triggering,1.855435201981217,0.3892501654744196,0.6510272674139372
0,0.3985809399115764,1,reverse triggering,all,reverse triggering,1.855435201981217,0.4098503673736346,0.6510272674139372
0,0.3988783477971826,1,reverse triggering,all,reverse triggering,1.855435201981217,0.4441840372056598,0.6510272674139372
0,0.3989988168141371,1,reverse triggering,all,reverse triggering,1.855435201981217,0.4808066183598196,0.6510272674139372
0,0.3991569323988899,1,reverse triggering,all,reverse triggering,1.855435201981217,0.5288737561246548,0.6510272674139372
0,0.3993451652378812,1,reverse triggering,all,reverse triggering,1.855435201981217,0.5860965391780302,0.6510272674139372
0,0.39937151783534,1,reverse triggering,all,reverse triggering,1.855435201981217,0.4258727466285799,0.6510272674139372
0,0.3994957515090743,1,reverse triggering,all,reverse triggering,1.855435201981217,0.6318747656207302,0.6510272674139372
0,0.3996651610641665,1,reverse triggering,all,reverse triggering,1.855435201981217,0.6833752703687672,0.6510272674139372
0,0.3998835111573965,1,reverse triggering,all,reverse triggering,1.855435201981217,0.7497536987106828,0.6510272674139372
0,0.4000416267421493,1,reverse triggering,all,reverse triggering,1.855435201981217,0.7978208364755175,0.6510272674139372
0,0.4001884483565626,1,reverse triggering,all,reverse triggering,1.855435201981217,0.8424546072571499,0.6510272674139372
0,0.4003955044794532,1,reverse triggering,all,reverse triggering,1.855435201981217,0.96147799600817,0.6510272674139372
0,0.4004067984497925,1,reverse triggering,all,reverse triggering,1.855435201981217,0.908833035599065,0.6510272674139372
0,0.4006063252591234,1,reverse triggering,all,reverse triggering,1.855435201981217,0.4647842391048744,0.6510272674139372
0,0.4007758612867377,1,reverse triggering,all,reverse triggering,1.855435201981217,0.4647842391048744,0.6510272674139372
0,0.4016190179328969,1,reverse triggering,all,reverse triggering,1.855435201981217,0.4922511749704945,0.6510272674139372
0,0.4021924504536001,1,reverse triggering,all,reverse triggering,1.855435201981217,0.4922511749704945,0.6510272674139372
0,0.4041789845431795,1,reverse triggering,all,reverse triggering,1.855435201981217,0.4853844410040899,0.603581120270916
0,0.4048566652267913,1,reverse triggering,all,reverse triggering,1.855435201981217,0.4853844410040899,0.603581120270916
0,0.4068481262000771,1,reverse triggering,all,reverse triggering,1.8026986851192264,0.4556285938163347,0.5561194272081238
0,0.4082145838974638,1,reverse triggering,all,reverse triggering,1.8026986851192264,0.4155726456789721,0.5561194272081238
0,0.4091144495815332,1,reverse triggering,all,reverse triggering,1.8026986851192264,0.4155726456789721,0.5561194272081238
0,0.4097223663583396,1,reverse triggering,all,reverse triggering,1.8026986851192264,0.3972613551018922,0.5561194272081238
0,0.4099765559841136,1,reverse triggering,all,reverse triggering,1.8026986851192264,0.3972613551018922,0.5561194272081238
0,0.4116739644330019,1,reverse triggering,all,reverse triggering,1.7499621682572355,0.3652165965920018,0.530313200387214
0,0.412084763780817,1,reverse triggering,all,reverse triggering,1.7499621682572355,0.3652165965920018,0.530313200387214
0,0.4135984569788497,1,reverse triggering,all,reverse triggering,1.6889855706355594,0.3285940154378419,0.530313200387214
0,0.4138577527745661,1,reverse triggering,all,reverse triggering,1.6889855706355594,0.3285940154378419,0.530313200387214
0,0.414915785679247,1,reverse triggering,all,reverse triggering,1.6889855706355594,0.3285940154378419,0.530313200387214
0,0.4155896592428361,1,reverse triggering,all,reverse triggering,1.6230649245580715,0.3652165965920018,0.530313200387214
0,0.416026359429296,1,reverse triggering,all,reverse triggering,1.6230649245580715,0.4979734532758324,0.530313200387214
0,0.4160677706538742,1,reverse triggering,all,reverse triggering,1.6230649245580715,0.3984058107629598,0.530313200387214
0,0.4162108276115075,1,reverse triggering,all,reverse triggering,1.6230649245580715,0.4418951258835246,0.530313200387214
0,0.4163764725098201,1,reverse triggering,all,reverse triggering,1.6230649245580715,0.5483295023628019,0.530313200387214
0,0.4165692229369471,1,reverse triggering,all,reverse triggering,1.6230649245580715,0.5483295023628019,0.530313200387214
0,0.421500170387165,1,reverse triggering,all,reverse triggering,1.5653843592402694,0.5918188174833672,0.5089064688616762
0,0.4219578020653206,1,reverse triggering,all,reverse triggering,1.5653843592402694,0.5918188174833672,0.5089064688616762
0,0.4231386668782305,1,reverse triggering,all,reverse triggering,1.5653843592402694,0.5918188174833672,0.5089064688616762
0,0.426815112828925,1,reverse triggering,all,reverse triggering,1.5077037939224676,0.628441398637527,0.5089064688616762
0,0.4282614939637348,1,reverse triggering,all,reverse triggering,1.5077037939224676,0.628441398637527,0.5177210053721915
0,0.4311370426007352,1,reverse triggering,all,reverse triggering,1.4500232286046653,0.628441398637527,0.5177210053721915
0,0.4335318628692218,1,reverse triggering,all,reverse triggering,1.4500232286046653,0.6627750684695521,0.5437137832303609
0,0.4341684969562035,1,reverse triggering,all,reverse triggering,1.4500232286046653,0.6627750684695521,0.5437137832303609
0,0.4368599700488604,1,reverse triggering,all,reverse triggering,1.4500232286046653,0.6627750684695521,0.5437137832303609
0,0.4416771762059018,1,reverse triggering,all,reverse triggering,1.3923426632868634,0.70054210528478,0.595730430786241
0,0.441840408363504,1,reverse triggering,all,reverse triggering,1.3923426632868634,0.70054210528478,0.4920235999896842
0,0.4437018572805183,1,reverse triggering,all,reverse triggering,1.3923426632868634,0.70054210528478,0.4920235999896842
0,0.4451008037399023,1,reverse triggering,all,reverse triggering,1.3923426632868634,0.70054210528478,0.4920235999896842
0,0.4529068948660098,1,reverse triggering,all,reverse triggering,1.364326388703931,0.7188533958618599,0.4920235999896842
0,0.4534621064478988,1,reverse triggering,all,reverse triggering,1.364326388703931,0.7188533958618599,0.4920235999896842
0,0.4541849205496257,1,reverse triggering,all,reverse triggering,1.364326388703931,0.7703539006098974,0.4920235999896842
0,0.4621396403254007,1,reverse triggering,volume_flow,reverse triggering,1.364326388703931,0.7772206345763024,
0,0.4669855065323943,1,reverse triggering,volume_flow,reverse triggering,1.364326388703931,0.7751224658643454,
0,0.4693577422579228,1,reverse triggering,volume_flow,reverse triggering,1.364326388703931,0.7751224658643454,
0,0.4754138201310717,1,reverse triggering,volume_flow,reverse triggering,1.364326388703931,0.7749317232541673,
0,0.4831652484407363,1,reverse triggering,volume_flow,reverse triggering,1.364326388703931,0.7760761789152353,
0,0.4879706069407789,1,reverse triggering,volume_flow,reverse triggering,1.364326388703931,0.7760761789152353,
0,0.4918352530046785,1,reverse triggering,volume_flow,reverse triggering,1.364326388703931,0.7760761789152353,
0,0.5005052575686209,1,reverse triggering,volume_flow,reverse triggering,1.364326388703931,0.7760761789152353,
0,0.5082529212215054,1,reverse triggering,volume_flow,reverse triggering,1.365974404855868,0.7760761789152353,
0,0.5141521383954948,1,reverse triggering,volume_flow,reverse triggering,1.365974404855868,0.7749317232541673,
0,0.514302724666688,1,reverse triggering,volume_flow,reverse triggering,1.365974404855868,0.8207099496968677,
0,0.5144683695650003,1,reverse triggering,volume_flow,reverse triggering,1.365974404855868,0.8710659987838376,
0,0.5146340144633128,1,reverse triggering,volume_flow,reverse triggering,1.365974404855868,0.921422047870808,
0,0.5147394248531478,1,reverse triggering,volume_flow,reverse triggering,1.365974404855868,0.9534668063806976,
0,0.5158676171969265,1,reverse triggering,volume_flow,reverse triggering,1.365974404855868,0.9534668063806976,
0,0.5213915733831027,1,reverse triggering,volume_flow,reverse triggering,1.365974404855868,0.9569001733639002,
0,0.5275663634333754,1,reverse triggering,volume_flow,reverse triggering,1.4500232286046653,0.9569001733639002,
0,0.5302460461292566,1,reverse triggering,volume_flow,reverse triggering,1.4500232286046653,0.9569001733639002,
0,0.5355733366452546,1,reverse triggering,volume_flow,reverse triggering,1.5423121331131484,0.9569001733639002,
0,0.5387315825109873,1,reverse triggering,volume_flow,reverse triggering,1.5423121331131484,0.9569001733639002,
0,0.5464372325942088,1,reverse triggering,all,reverse triggering,1.6148248437983854,0.9569001733639002,0.4946974981904048
0,0.547217118892718,1,reverse triggering,all,reverse triggering,1.6148248437983854,0.9569001733639002,0.4946974981904048
0,0.5553374835668057,1,reverse triggering,all,reverse triggering,1.713705812914618,0.9580446290249678,0.4946974981904048
0,0.5565909636882167,1,reverse triggering,all,reverse triggering,1.713705812914618,0.9580446290249678,0.4946974981904048
0,0.564195720969739,1,reverse triggering,all,reverse triggering,1.8158828143347243,0.9591890846860354,0.4946974981904048
0,0.5661766746970173,1,reverse triggering,all,reverse triggering,1.8158828143347243,0.9591890846860354,0.4946974981904048
0,0.567021171176135,1,reverse triggering,all,reverse triggering,1.8158828143347243,0.4773732513766173,0.5854701237369646
0,0.5673892564392047,1,reverse triggering,all,reverse triggering,1.8158828143347243,0.4773732513766173,0.5854701237369646
0,0.5683293141139896,1,reverse triggering,all,reverse triggering,1.8158828143347243,0.4773732513766173,0.5854701237369646
0,0.5683519020546686,1,reverse triggering,all,reverse triggering,1.8158828143347243,0.4281616579507146,0.5854701237369646
0,0.5684648417580633,1,reverse triggering,all,reverse triggering,1.8158828143347243,0.518573655175047,0.5854701237369646
0,0.5686455452834951,1,reverse triggering,all,reverse triggering,1.8158828143347243,0.9099774912601326,0.5854701237369646
0,0.5687584849868899,1,reverse triggering,all,reverse triggering,1.8158828143347243,0.6078411967383124,0.5854701237369646
0,0.5688036608682479,1,reverse triggering,all,reverse triggering,1.8389550404618449,0.9580446290249678,0.5854701237369646
0,0.5688864833174041,1,reverse triggering,all,reverse triggering,1.8389550404618449,0.8710659987838376,0.5854701237369646
0,0.5689128359148627,1,reverse triggering,all,reverse triggering,1.8389550404618449,0.8229988610190024,0.5854701237369646
0,0.568950482482661,1,reverse triggering,all,reverse triggering,1.8389550404618449,0.7222867628450627,0.5854701237369646
0,0.569123656694533,1,reverse triggering,all,reverse triggering,1.8389550404618449,0.7749317232541673,0.5854701237369646
0,0.5694737697750571,1,reverse triggering,all,reverse triggering,1.8389550404618449,0.6570527901642147,0.5854701237369646
0,0.5697636483471038,1,reverse triggering,all,reverse triggering,1.8389550404618449,0.4647842391048744,0.5854701237369646
0,0.5701363493683067,1,reverse triggering,all,reverse triggering,1.8389550404618449,0.5220070221582498,0.5854701237369646
0,0.5705503110278163,1,reverse triggering,all,reverse triggering,1.8389550404618449,0.5220070221582498,0.5854701237369646
0,0.572331144270946,1,reverse triggering,all,reverse triggering,1.8389550404618449,0.5723630712452197,0.5854701237369646
0,0.5733890128260775,1,reverse triggering,all,reverse triggering,1.8059947174231008,0.6135634750436498,0.5854701237369646
0,0.5746920358307113,1,reverse triggering,all,reverse triggering,1.8059947174231008,0.6421748665703375,0.5854701237369646
0,0.5756967474321115,1,reverse triggering,all,reverse triggering,1.8059947174231008,0.6421748665703375,0.5854701237369646
0,0.5777033094957595,1,reverse triggering,all,reverse triggering,1.766442329776608,0.6913864599962398,0.5854701237369646
0,0.5806715154872464,1,reverse triggering,all,reverse triggering,1.766442329776608,0.74632033172748,0.5854701237369646
0,0.581204440300999,1,reverse triggering,all,reverse triggering,1.766442329776608,0.74632033172748,0.5854701237369646
0,0.5826688917883518,1,reverse triggering,all,reverse triggering,1.766442329776608,0.7989652921365851,0.5854701237369646
0,0.5830641807502337,1,reverse triggering,all,reverse triggering,1.766442329776608,0.863054809156365,0.5854701237369646
0,0.5832072377078672,1,reverse triggering,all,reverse triggering,1.766442329776608,0.9065441242769304,0.5854701237369646
0,0.5835724094155104,1,reverse triggering,all,reverse triggering,1.766442329776608,0.96147799600817,0.5854701237369646
0,0.5883749067764004,1,reverse triggering,volume_flow,reverse triggering,1.766442329776608,0.9603335403471024,
0,0.5916980446090894,1,reverse triggering,volume_flow,reverse triggering,1.807642733575038,0.9603335403471024,
0,0.5927920538693074,1,reverse triggering,volume_flow,reverse triggering,1.807642733575038,0.9603335403471024,
0,0.5998893354169088,1,reverse triggering,all,reverse triggering,1.8752113958044632,0.9626224516692377,0.7723942630710683
0,0.6033142695689246,1,reverse triggering,all,reverse triggering,1.8752113958044632,0.9626224516692377,0.7723942630710683
0,0.6083625237244019,1,reverse triggering,all,reverse triggering,1.9477241064897,0.9626224516692377,0.7723942630710683
0,0.6143785958448371,1,reverse triggering,all,reverse triggering,2.028476897934623,0.96147799600817,0.7723942630710683
0,0.6171284517430942,1,reverse triggering,all,reverse triggering,2.028476897934623,0.96147799600817,0.7723942630710683
0,0.6189939371211373,1,reverse triggering,all,reverse triggering,2.028476897934623,0.96147799600817,0.7723942630710683
0,0.6230486004087794,1,reverse triggering,all,reverse triggering,2.1141737378353573,0.96147799600817,0.7509253478664446
0,0.6253833101472781,1,reverse triggering,all,reverse triggering,2.1141737378353573,0.96147799600817,0.7509253478664446
0,0.6254532667862502,1,reverse triggering,all,reverse triggering,2.1141737378353573,0.96147799600817,0.4959722636116783
0,0.6261762772614599,1,reverse triggering,all,reverse triggering,2.1141737378353573,0.96147799600817,0.4959722636116783
0,0.6289515822395486,1,reverse triggering,all,reverse triggering,2.1141737378353573,0.96147799600817,0.4959722636116783
0,0.6336649325278927,1,reverse triggering,all,reverse triggering,2.198222561584154,0.0951250605800715,0.4961743605687099
0,0.6337854015448472,1,reverse triggering,all,reverse triggering,2.198222561584154,0.1317476417342322,0.4961743605687099
0,0.6339171645321411,1,reverse triggering,all,reverse triggering,2.198222561584154,0.1718035898715944,0.4961743605687099
0,0.6342371603584263,1,reverse triggering,all,reverse triggering,2.198222561584154,0.2690823210623323,0.4961743605687099
0,0.6346286846635283,1,reverse triggering,all,reverse triggering,2.198222561584154,0.388105709813352,0.4961743605687099
0,0.634850775288202,1,reverse triggering,all,reverse triggering,2.198222561584154,0.4808066183598196,0.4961743605687099
0,0.6349336218626944,1,reverse triggering,all,reverse triggering,2.198222561584154,0.4808066183598196,0.4961743605687099
0,0.634953047491678,1,reverse triggering,all,reverse triggering,2.198222561584154,0.4808066183598196,0.4961743605687099
0,0.6354154979305122,1,reverse triggering,all,reverse triggering,2.198222561584154,0.5712186155841521,0.4961743605687099
0,0.6354531444983105,1,reverse triggering,all,reverse triggering,2.198222561584154,0.8069764817640577,0.4961743605687099
0,0.6356940825322195,1,reverse triggering,all,reverse triggering,2.198222561584154,0.6559083345031471,0.4961743605687099
0,0.635942549879688,1,reverse triggering,all,reverse triggering,2.198222561584154,0.7314424081336024,0.4961743605687099
0,0.6360592542398624,1,reverse triggering,all,reverse triggering,2.198222561584154,0.8790771884113102,0.4961743605687099
0,0.6361345473754592,1,reverse triggering,all,reverse triggering,2.198222561584154,0.9580446290249678,0.4961743605687099
0,0.6377985256721428,1,reverse triggering,all,reverse triggering,2.232830900774836,0.1740925011937295,0.4660308221315148
0,0.6397477400162661,1,reverse triggering,all,reverse triggering,2.232830900774836,0.1740925011937295,0.4660308221315148
0,0.6403795743603922,1,reverse triggering,all,reverse triggering,2.232830900774836,0.1740925011937295,0.4660308221315148
0,0.6415899315092044,1,reverse triggering,all,reverse triggering,2.232830900774836,0.2748045993676693,0.5395319308117914
0,0.6432949245706909,1,reverse triggering,all,reverse triggering,2.127357867050855,0.2748045993676693,0.5395319308117914
0,0.6440171363273326,1,reverse triggering,all,reverse triggering,2.127357867050855,0.2748045993676693,0.5395319308117914
0,0.6458440489694472,1,reverse triggering,all,reverse triggering,2.036716978694309,0.3709388748973397,0.5439936097862503
0,0.64766945574885,1,reverse triggering,all,reverse triggering,1.9592602195532605,0.3709388748973397,0.5439936097862503
0,0.6481192178132902,1,reverse triggering,all,reverse triggering,1.9592602195532605,0.3709388748973397,0.5439936097862503
0,0.6490425013695886,1,reverse triggering,all,reverse triggering,1.9592602195532605,0.3709388748973397,0.5439936097862503
0,0.6540244975657408,1,reverse triggering,all,reverse triggering,1.8587312342850917,0.4384617589003219,0.5614205858502501
0,0.6545324250584752,1,reverse triggering,all,reverse triggering,1.8587312342850917,0.4384617589003219,0.5614205858502501
0,0.6547184607563479,1,reverse triggering,all,reverse triggering,1.8587312342850917,0.4384617589003219,0.5614205858502501
0,0.6580306947245615,1,reverse triggering,all,reverse triggering,1.784570507447917,0.4853844410040899,0.6047315183340167
0,0.6589295441773135,1,reverse triggering,all,reverse triggering,1.784570507447917,0.4853844410040899,0.6047315183340167
0,0.6592889611692079,1,reverse triggering,all,reverse triggering,1.784570507447917,0.4853844410040899,0.6047315183340167
0,0.6620965240467753,1,reverse triggering,all,reverse triggering,1.728537958282052,0.4853844410040899,0.6047315183340167
0,0.6656155746182866,1,reverse triggering,all,reverse triggering,1.642841118381318,0.5551962363292073,0.6047315183340167
0,0.6673929443771789,1,reverse triggering,all,reverse triggering,1.642841118381318,0.5551962363292073,0.6047315183340167
0,0.6701745739786578,1,reverse triggering,all,reverse triggering,1.642841118381318,0.5952521844665699,0.6047315183340167
0,0.6733019496587958,1,reverse triggering,all,reverse triggering,1.5818645207596416,0.6341636769428649,0.8947406516738132
0,0.6760210859577296,1,reverse triggering,all,reverse triggering,1.5818645207596416,0.6341636769428649,0.8947406516738132
0,0.6818149989183027,1,reverse triggering,all,reverse triggering,1.5373680846573374,0.6730751694191599,0.8947406516738132
0,0.6821871420042729,1,reverse triggering,all,reverse triggering,1.5373680846573374,0.6730751694191599,0.8947406516738132
0,0.6835278115767052,1,reverse triggering,all,reverse triggering,1.5373680846573374,0.6730751694191599,0.8947406516738132
0,0.6884485191604817,1,reverse triggering,all,reverse triggering,1.5027597454666557,0.6730751694191599,0.8947406516738132
0,0.69562365381029,1,reverse triggering,all,reverse triggering,1.4582633093643511,0.7051199279290499,0.497573493348157
0,0.6999104495324822,1,reverse triggering,all,reverse triggering,1.4582633093643511,0.7051199279290499,0.497573493348157
0,0.7009364802374098,1,reverse triggering,all,reverse triggering,1.4582633093643511,0.7051199279290499,0.9556495653390672
0,0.7010525900593436,1,reverse triggering,all,reverse triggering,1.4582633093643511,0.7051199279290499,0.9556495653390672
0,0.7069703293446898,1,reverse triggering,all,reverse triggering,1.4582633093643511,0.7337313194557376,0.9556495653390672
0,0.7166111635990138,1,reverse triggering,all,reverse triggering,1.4236549701736698,0.7451758760664124,0.9556495653390672
0,0.7178915986629688,1,reverse triggering,all,reverse triggering,1.4236549701736698,0.7451758760664124,0.9556495653390672
0,0.7306650791169229,1,reverse triggering,volume_flow,reverse triggering,1.3989347278946125,0.7589093439992225,
0,0.7367180448738002,1,reverse triggering,volume_flow,reverse triggering,1.3989347278946125,0.7589093439992225,
0,0.7421021064140381,1,reverse triggering,volume_flow,reverse triggering,1.3989347278946125,0.7589093439992225,
0,0.7492963655202882,1,reverse triggering,volume_flow,reverse triggering,1.3989347278946125,0.7589093439992225,
0,0.7493264827745267,1,reverse triggering,volume_flow,reverse triggering,1.3989347278946125,0.82414331668007,
0,0.7506177600500077,1,reverse triggering,volume_flow,reverse triggering,1.3989347278946125,0.8802216440723774,
0,0.7514271612576704,1,reverse triggering,volume_flow,reverse triggering,1.3989347278946125,0.9580446290249678,
0,0.7518591932697232,1,reverse triggering,volume_flow,reverse triggering,1.3989347278946125,0.9580446290249678,
0,0.7627664580647813,1,reverse triggering,volume_flow,reverse triggering,1.4846315677953466,0.9637669073303052,
0,0.7662034391184926,1,reverse triggering,volume_flow,reverse triggering,1.4846315677953466,0.9637669073303052,
0,0.7744652043012303,1,reverse triggering,volume_flow,reverse triggering,1.5686803915441438,0.9603335403471024,
0,0.7785515133563261,1,reverse triggering,volume_flow,reverse triggering,1.5686803915441438,0.9603335403471024,
0,0.7845864087606604,1,reverse triggering,volume_flow,reverse triggering,1.6576732637487526,0.9637669073303052,
0,0.7901843028059925,1,reverse triggering,volume_flow,reverse triggering,1.6576732637487526,0.9637669073303052,
0,0.7960791529781173,1,reverse triggering,volume_flow,reverse triggering,1.7598502651688597,0.9637669073303052,
0,0.8025926115523034,1,reverse triggering,volume_flow,reverse triggering,1.8587312342850917,0.4178615570011073,
0,0.8028900194379096,1,reverse triggering,volume_flow,reverse triggering,1.8587312342850917,0.5082735542254397,
0,0.8036354214803156,1,reverse triggering,volume_flow,reverse triggering,1.8587312342850917,0.7909541025091125,
0,0.8037483611837104,1,reverse triggering,volume_flow,reverse triggering,1.8587312342850917,0.3766611532026767,
0,0.8041323561752527,1,reverse triggering,volume_flow,reverse triggering,1.8587312342850917,0.6055522854161772,
0,0.8042829424464459,1,reverse triggering,volume_flow,reverse triggering,1.8587312342850917,0.8756438214281079,
0,0.8043732942091617,1,reverse triggering,volume_flow,reverse triggering,1.8587312342850917,0.9591890846860354,
0,0.8044674106286573,1,reverse triggering,volume_flow,reverse triggering,1.8587312342850917,0.707408839251185,
0,0.8047347012600252,1,reverse triggering,volume_flow,reverse triggering,1.8587312342850917,0.4521952268331324,
0,0.8056118662897249,1,reverse triggering,all,reverse triggering,1.8587312342850917,0.4945400862926301,0.5910044711756655
0,0.8070297866192788,1,reverse triggering,all,reverse triggering,1.8587312342850917,0.4830955296819548,0.5910044711756655
0,0.8083412424550998,1,reverse triggering,all,reverse triggering,1.8587312342850917,0.4830955296819548,0.5910044711756655
0,0.8107995633323271,1,reverse triggering,all,reverse triggering,1.8587312342850917,0.4453284928667269,0.5910044711756655
0,0.8130734160273425,1,reverse triggering,all,reverse triggering,1.7680903459285453,0.4075614560514995,0.5910044711756655
0,0.8164352545317286,1,reverse triggering,all,reverse triggering,1.7680903459285453,0.3640721409309346,0.5910044711756655
0,0.8165600905505472,1,reverse triggering,all,reverse triggering,1.7680903459285453,0.3640721409309346,0.5910044711756655
0,0.8190629849640478,1,reverse triggering,all,reverse triggering,1.654377231444878,0.3217272814714369,0.5910044711756655
0,0.8196392786239035,1,reverse triggering,all,reverse triggering,1.654377231444878,0.3617832296087995,0.5910044711756655
0,0.8197481524979764,1,reverse triggering,all,reverse triggering,1.654377231444878,0.3617832296087995,0.5910044711756655
0,0.8201396768030782,1,reverse triggering,all,reverse triggering,1.654377231444878,0.4247282909675123,0.5910044711756655
0,0.8207307279175113,1,reverse triggering,all,reverse triggering,1.654377231444878,0.4922511749704945,0.5910044711756655
0,0.821216368642109,1,reverse triggering,all,reverse triggering,1.654377231444878,0.5277293004635872,0.5910044711756655
0,0.8212878971209256,1,reverse triggering,all,reverse triggering,1.654377231444878,0.5494739580238699,0.5910044711756655
0,0.8241302129896955,1,reverse triggering,all,reverse triggering,1.560440310784458,0.5723630712452197,0.5910044711756655
0,0.8247364123388021,1,reverse triggering,all,reverse triggering,1.560440310784458,0.5723630712452197,0.5910044711756655
0,0.8249929200150341,1,reverse triggering,all,reverse triggering,1.560440310784458,0.5723630712452197,0.5045847031651629
0,0.8257054959726462,1,reverse triggering,all,reverse triggering,1.560440310784458,0.5723630712452197,0.5045847031651629
0,0.8288322693076997,1,reverse triggering,all,reverse triggering,1.560440310784458,0.5998300071108398,0.5045847031651629
0,0.8329846857358492,1,reverse triggering,all,reverse triggering,1.486279583947284,0.628441398637527,0.5045847031651629
0,0.8347587425967748,1,reverse triggering,all,reverse triggering,1.486279583947284,0.628441398637527,0.6561885127781188
0,0.8378636809225055,1,reverse triggering,all,reverse triggering,1.486279583947284,0.6536194231810124,0.6561885127781188
0,0.8417125567294244,1,reverse triggering,all,reverse triggering,1.4236549701736698,0.6822308147076996,0.6561885127781188
0,0.8434918428083471,1,reverse triggering,all,reverse triggering,1.4236549701736698,0.6822308147076996,0.6561885127781188
0,0.8451781078731673,1,reverse triggering,all,reverse triggering,1.4236549701736698,0.6822308147076996,0.6087579115548696
0,0.8465162459388587,1,reverse triggering,all,reverse triggering,1.4236549701736698,0.6959642826405101,0.6087579115548696
0,0.8475953186983591,1,reverse triggering,all,reverse triggering,1.4236549701736698,0.6959642826405101,0.6087579115548696
0,0.8513432540279504,1,reverse triggering,all,reverse triggering,1.3709184533116798,0.7131311175565225,0.5656490760281336
0,0.8537392385630371,1,reverse triggering,all,reverse triggering,1.3709184533116798,0.7131311175565225,0.5656490760281336
0,0.8572238048784453,1,reverse triggering,all,reverse triggering,1.3709184533116798,0.7268645854893325,0.5312148637339673
0,0.8576626704151189,1,reverse triggering,all,reverse triggering,1.3709184533116798,0.7268645854893325,0.5312148637339673
0,0.8587650553641066,1,reverse triggering,all,reverse triggering,1.3709184533116798,0.7268645854893325,0.5312148637339673
0,0.864075362320917,1,reverse triggering,all,reverse triggering,1.3709184533116798,0.7268645854893325,0.514067714225857
0,0.8706512863843174,1,reverse triggering,all,reverse triggering,1.3626783725519935,0.7268645854893325,0.5271729245933434
0,0.8765509629376518,1,reverse triggering,all,reverse triggering,1.3626783725519935,0.7268645854893325,0.5489061204340855
0,0.8821663124937842,1,reverse triggering,volume_pressure,reverse triggering,1.3626783725519935,,0.6009072220701945
0,0.8833367569179693,1,reverse triggering,volume_pressure,reverse triggering,1.3626783725519935,,0.6009072220701945
0,0.8842461932246097,1,reverse triggering,volume_pressure,reverse triggering,1.3626783725519935,,0.501537702889923
0,0.9681008844727932,1,reverse triggering,pressure_only,reverse triggering,,,0.5033410295834324
